{
  "asOf": "2026-07-05T22:56:56.013Z",
  "cumulative": {
    "sinceIpo": {
      "GEMI": -0.8678124994039536,
      "BTC-USD": -0.4524784062339807,
      "COIN": -0.48774148294226705,
      "HOOD": -0.01999474438642901,
      "IBKR": 0.43706016254853197,
      "SCHW": 0.04718990920800992,
      "CME": -0.06734766043525775,
      "CBOE": 0.06796458803166683,
      "NDAQ": -0.09006532488640939
    },
    "last3m": {
      "GEMI": -0.013986000772276186,
      "BTC-USD": -0.04964150382101207,
      "COIN": -0.034877001937294816,
      "HOOD": 0.6361393448531651,
      "IBKR": 0.34824335268989093,
      "SCHW": 0.03815786110795605,
      "CME": -0.22052127258911225,
      "CBOE": -0.13946590150413296,
      "NDAQ": -0.019461598637565247
    },
    "sinceQ1Print": {
      "GEMI": -0.19581752186107904,
      "BTC-USD": -0.21570461783439487,
      "COIN": -0.21947077960891404,
      "HOOD": 0.39690220099059226,
      "IBKR": 0.03454919680484969,
      "SCHW": 0.08452590957325201,
      "CME": -0.2011194351282407,
      "CBOE": -0.3043414072112819,
      "NDAQ": -0.06561471067757896
    }
  },
  "correlations": {
    "sinceIpo": {
      "BTC-USD": {
        "n": 201,
        "corr": 0.4755933734087495,
        "beta": 1.1383348894145207,
        "volA": 1.029124821179235,
        "volB": 0.4299656892841477
      },
      "COIN": {
        "n": 201,
        "corr": 0.5804814688617902,
        "beta": 0.8510429978679467,
        "volA": 1.029124821179235,
        "volB": 0.7019479501468666
      },
      "HOOD": {
        "n": 201,
        "corr": 0.4951225220698828,
        "beta": 0.7082705863577032,
        "volA": 1.029124821179235,
        "volB": 0.7194183787968876
      },
      "IBKR": {
        "n": 201,
        "corr": 0.4376053449516934,
        "beta": 1.1570735353254185,
        "volA": 1.029124821179235,
        "volB": 0.38921512645592665
      },
      "SCHW": {
        "n": 201,
        "corr": 0.2974491050441967,
        "beta": 1.1859915087094524,
        "volA": 1.029124821179235,
        "volB": 0.2581066177882093
      },
      "CME": {
        "n": 201,
        "corr": 0.0433786617931973,
        "beta": 0.18697840765052026,
        "volA": 1.029124821179235,
        "volB": 0.23875514890659869
      },
      "CBOE": {
        "n": 201,
        "corr": 0.03489625535460053,
        "beta": 0.10914759315876345,
        "volA": 1.029124821179235,
        "volB": 0.329027892528886
      },
      "NDAQ": {
        "n": 201,
        "corr": 0.27061652370446665,
        "beta": 0.9638963128618838,
        "volA": 1.029124821179235,
        "volB": 0.28892960565293835
      }
    },
    "last3m": {
      "BTC-USD": {
        "n": 63,
        "corr": 0.40307321026055243,
        "beta": 1.0499701898830154,
        "volA": 0.8815089644315848,
        "volB": 0.3384026057030075
      },
      "COIN": {
        "n": 63,
        "corr": 0.5646204947862613,
        "beta": 0.7580746661045918,
        "volA": 0.8815089644315848,
        "volB": 0.6565554158582261
      },
      "HOOD": {
        "n": 63,
        "corr": 0.5672279181068556,
        "beta": 0.6668605983240922,
        "volA": 0.8815089644315848,
        "volB": 0.7498066251682358
      },
      "IBKR": {
        "n": 63,
        "corr": 0.5432396352557389,
        "beta": 1.261800772270983,
        "volA": 0.8815089644315848,
        "volB": 0.3795136433865144
      },
      "SCHW": {
        "n": 63,
        "corr": 0.14607556792850065,
        "beta": 0.41252262336662454,
        "volA": 0.8815089644315848,
        "volB": 0.31214511718783516
      },
      "CME": {
        "n": 63,
        "corr": 0.02439425878191013,
        "beta": 0.06825577313321098,
        "volA": 0.8815089644315848,
        "volB": 0.31504672513122084
      },
      "CBOE": {
        "n": 63,
        "corr": 0.09857641466721015,
        "beta": 0.17480123244599888,
        "volA": 0.8815089644315848,
        "volB": 0.4971131610157015
      },
      "NDAQ": {
        "n": 63,
        "corr": 0.1878644609390213,
        "beta": 0.5076846569042746,
        "volA": 0.8815089644315848,
        "volB": 0.3261950192185535
      }
    },
    "sinceQ1Print": {
      "BTC-USD": {
        "n": 34,
        "corr": 0.48015110670436356,
        "beta": 1.3585745412102472,
        "volA": 0.9728296564614117,
        "volB": 0.34382010115445366
      },
      "COIN": {
        "n": 34,
        "corr": 0.6162920464177745,
        "beta": 0.8731666503348189,
        "volA": 0.9728296564614117,
        "volB": 0.6866354544881043
      },
      "HOOD": {
        "n": 34,
        "corr": 0.6331685877933031,
        "beta": 0.8028954160730536,
        "volA": 0.9728296564614117,
        "volB": 0.7671798436187249
      },
      "IBKR": {
        "n": 34,
        "corr": 0.556697405866032,
        "beta": 1.3664779408676555,
        "volA": 0.9728296564614117,
        "volB": 0.3963267389137185
      },
      "SCHW": {
        "n": 34,
        "corr": 0.035601231612161,
        "beta": 0.12252702051692875,
        "volA": 0.9728296564614117,
        "volB": 0.28266364245816783
      },
      "CME": {
        "n": 34,
        "corr": 0.0256073917981633,
        "beta": 0.06753949662207556,
        "volA": 0.9728296564614117,
        "volB": 0.3688453632587114
      },
      "CBOE": {
        "n": 34,
        "corr": 0.048405806348388376,
        "beta": 0.08490120889356512,
        "volA": 0.9728296564614117,
        "volB": 0.5546517484771576
      },
      "NDAQ": {
        "n": 34,
        "corr": 0.2941179822497631,
        "beta": 0.7621290773724795,
        "volA": 0.9728296564614117,
        "volB": 0.37543075592603375
      }
    }
  },
  "leadLag": {
    "BTC-USD": {
      "sameDay": {
        "n": 201,
        "corr": 0.4755933734087495,
        "beta": 1.1383348894145207,
        "volA": 1.029124821179235,
        "volB": 0.4299656892841477
      },
      "compLeads1d": {
        "n": 201,
        "corr": 0.0422355230386645,
        "beta": 0.11106475868830995,
        "volA": 1.029124821179235,
        "volB": 0.3913538876589844
      },
      "gemiLeads1d": {
        "n": 201,
        "corr": -0.09035512468569801,
        "beta": -0.03554823125637173,
        "volA": 0.4048864661767473,
        "volB": 1.029124821179235
      }
    },
    "COIN": {
      "sameDay": {
        "n": 201,
        "corr": 0.5804814688617902,
        "beta": 0.8510429978679467,
        "volA": 1.029124821179235,
        "volB": 0.7019479501468666
      },
      "compLeads1d": {
        "n": 156,
        "corr": -0.11564283986261574,
        "beta": -0.17910163338462973,
        "volA": 1.0593439063328525,
        "volB": 0.684000114373056
      },
      "gemiLeads1d": {
        "n": 156,
        "corr": -0.06646216591059952,
        "beta": -0.04476881725885801,
        "volA": 0.7163145517989717,
        "volB": 1.0634146600426495
      }
    },
    "HOOD": {
      "sameDay": {
        "n": 201,
        "corr": 0.4951225220698828,
        "beta": 0.7082705863577032,
        "volA": 1.029124821179235,
        "volB": 0.7194183787968876
      },
      "compLeads1d": {
        "n": 156,
        "corr": -0.12331230471201884,
        "beta": -0.1816440154661378,
        "volA": 1.0593439063328525,
        "volB": 0.7191546511307401
      },
      "gemiLeads1d": {
        "n": 156,
        "corr": -0.08279565512093694,
        "beta": -0.05788172928539071,
        "volA": 0.7434240284806853,
        "volB": 1.0634146600426495
      }
    }
  }
}